{"cameraMode":{"drawMode":0,"name":"Shaded","section":"Shading Mode"},"sceneLighting":false,"audioPlay":false,"sceneViewState":{"showFog":true,"showMaterialUpdate":false,"showSkybox":false,"showFlares":true,"showImageEffects":true,"showParticleSystems":true},"in2DMode":false,"pivot":{"x":0.5395996570587158,"y":0.32206207513809206,"z":0.10457323491573334},"rotation":{"x":0.3620137870311737,"y":0.3433745503425598,"z":-0.14554110169410706,"w":0.85434490442276},"size":1.5610289573669434,"orthographic":false}