{"cameraMode":{"drawMode":0,"name":"Shaded","section":"Shading Mode"},"sceneLighting":false,"audioPlay":false,"sceneViewState":{"showFog":true,"showMaterialUpdate":false,"showSkybox":false,"showFlares":true,"showImageEffects":true,"showParticleSystems":true},"in2DMode":false,"pivot":{"x":0.0000019371509552001955,"y":-0.8309283256530762,"z":-0.00006113201379776001},"rotation":{"x":-0.0013340370496734977,"y":0.8693817257881165,"z":-0.49419981241226199,"w":-0.0023545168805867435},"size":1.1243778467178345,"orthographic":false}