{"cameraMode":{"drawMode":0,"name":"Shaded","section":"Shading Mode"},"sceneLighting":false,"audioPlay":false,"sceneViewState":{"showFog":true,"showMaterialUpdate":false,"showSkybox":false,"showFlares":true,"showImageEffects":true,"showParticleSystems":true},"in2DMode":false,"pivot":{"x":-0.008680403232574463,"y":0.8953707218170166,"z":0.053962528705596927},"rotation":{"x":-0.01443694718182087,"y":0.9059909582138062,"z":-0.4219917058944702,"w":-0.031003516167402269},"size":1.1968994140625,"orthographic":false}