{"cameraMode":{"drawMode":0,"name":"Shaded","section":"Shading Mode"},"sceneLighting":false,"audioPlay":false,"sceneViewState":{"showFog":true,"showMaterialUpdate":false,"showSkybox":false,"showFlares":true,"showImageEffects":true,"showParticleSystems":true},"in2DMode":false,"pivot":{"x":2.944798707962036,"y":-0.9004296660423279,"z":-2.838836193084717},"rotation":{"x":0.0032215875107795,"y":0.9967886805534363,"z":-0.059282369911670688,"w":0.054172005504369739},"size":1.9155452251434327,"orthographic":false}