{"cameraMode":{"drawMode":0,"name":"Shaded","section":"Shading Mode"},"sceneLighting":false,"audioPlay":false,"sceneViewState":{"showFog":true,"showMaterialUpdate":false,"showSkybox":false,"showFlares":true,"showImageEffects":true,"showParticleSystems":true},"in2DMode":false,"pivot":{"x":-0.00543925492092967,"y":1.0655360221862794,"z":0.38566774129867556},"rotation":{"x":0.11116676777601242,"y":-0.7893091440200806,"z":0.5849915146827698,"w":0.1499885767698288},"size":0.6688998937606812,"orthographic":false}