{"cameraMode":{"drawMode":0,"name":"Shaded","section":"Shading Mode"},"sceneLighting":false,"audioPlay":false,"sceneViewState":{"showFog":true,"showMaterialUpdate":false,"showSkybox":false,"showFlares":true,"showImageEffects":true,"showParticleSystems":true},"in2DMode":false,"pivot":{"x":0.0,"y":0.06617255508899689,"z":2.980232238769531e-7},"rotation":{"x":-0.0013340370496734977,"y":0.8693817257881165,"z":-0.49419981241226199,"w":-0.0023545168805867435},"size":0.21995075047016145,"orthographic":false}