{"cameraMode":{"drawMode":0,"name":"Shaded","section":"Shading Mode"},"sceneLighting":false,"audioPlay":false,"sceneViewState":{"showFog":true,"showMaterialUpdate":false,"showSkybox":false,"showFlares":true,"showImageEffects":true,"showParticleSystems":true},"in2DMode":false,"pivot":{"x":0.03225061297416687,"y":0.9041733145713806,"z":-0.8808366060256958},"rotation":{"x":0.0009986787335947157,"y":-0.9979952573776245,"z":0.015279716812074185,"w":0.06173847243189812},"size":0.7752872705459595,"orthographic":false}