{"cameraMode":{"drawMode":0,"name":"Shaded","section":"Shading Mode"},"sceneLighting":false,"audioPlay":false,"sceneViewState":{"showFog":true,"showMaterialUpdate":false,"showSkybox":false,"showFlares":true,"showImageEffects":true,"showParticleSystems":true},"in2DMode":false,"pivot":{"x":0.0,"y":0.5227131843566895,"z":-1.1920928955078126e-7},"rotation":{"x":-0.019737275317311288,"y":0.9088891744613648,"z":-0.41442275047302248,"w":-0.04305221512913704},"size":1.2823915481567383,"orthographic":false}