{"cameraMode":{"drawMode":0,"name":"Shaded","section":"Shading Mode"},"sceneLighting":false,"audioPlay":false,"sceneViewState":{"showFog":true,"showMaterialUpdate":false,"showSkybox":false,"showFlares":true,"showImageEffects":true,"showParticleSystems":true},"in2DMode":false,"pivot":{"x":-5.960464477539063e-8,"y":0.6349213123321533,"z":0.011938944458961487},"rotation":{"x":-0.01443694718182087,"y":0.9059909582138062,"z":-0.4219917058944702,"w":-0.031003516167402269},"size":1.144568681716919,"orthographic":false}