{"cameraMode":{"drawMode":0,"name":"Shaded","section":"Shading Mode"},"sceneLighting":false,"audioPlay":false,"sceneViewState":{"showFog":true,"showMaterialUpdate":false,"showSkybox":false,"showFlares":true,"showImageEffects":true,"showParticleSystems":true},"in2DMode":false,"pivot":{"x":-0.5146990418434143,"y":0.9610302448272705,"z":0.019559603184461595},"rotation":{"x":-0.10040443390607834,"y":0.8863412737846375,"z":-0.3904080390930176,"w":-0.22792907059192658},"size":0.7693766951560974,"orthographic":false}