{"cameraMode":{"drawMode":0,"name":"Shaded","section":"Shading Mode"},"sceneLighting":false,"audioPlay":false,"sceneViewState":{"showFog":true,"showMaterialUpdate":false,"showSkybox":false,"showFlares":true,"showImageEffects":true,"showParticleSystems":true},"in2DMode":false,"pivot":{"x":-2.513418436050415,"y":-4.281121253967285,"z":11.216203689575196},"rotation":{"x":-0.03517667576670647,"y":0.8926274180412293,"z":-0.44381266832351687,"w":-0.07086311280727387},"size":1.5073950290679932,"orthographic":false}