{"cameraMode":{"drawMode":0,"name":"Shaded","section":"Shading Mode"},"sceneLighting":false,"audioPlay":false,"sceneViewState":{"showFog":true,"showMaterialUpdate":false,"showSkybox":false,"showFlares":true,"showImageEffects":true,"showParticleSystems":true},"in2DMode":false,"pivot":{"x":0.0,"y":0.5227129459381104,"z":2.384185791015625e-7},"rotation":{"x":0.08629995584487915,"y":-0.9129968881607056,"z":0.3008386492729187,"w":0.2618250548839569},"size":1.2823913097381592,"orthographic":false}