{"cameraMode":{"drawMode":0,"name":"Shaded","section":"Shading Mode"},"sceneLighting":false,"audioPlay":false,"sceneViewState":{"showFog":true,"showMaterialUpdate":false,"showSkybox":false,"showFlares":true,"showImageEffects":true,"showParticleSystems":true},"in2DMode":false,"pivot":{"x":-1.4901161193847657e-7,"y":0.11958606541156769,"z":-0.01580420508980751},"rotation":{"x":-0.01443694718182087,"y":0.9059909582138062,"z":-0.4219917058944702,"w":-0.031003516167402269},"size":0.21790960431098939,"orthographic":false}