{"cameraMode":{"drawMode":0,"name":"Shaded","section":"Shading Mode"},"sceneLighting":false,"audioPlay":false,"sceneViewState":{"showFog":true,"showMaterialUpdate":false,"showSkybox":false,"showFlares":true,"showImageEffects":true,"showParticleSystems":true},"in2DMode":false,"pivot":{"x":-0.0030749470461159946,"y":0.08221250027418137,"z":-0.12880530953407288},"rotation":{"x":0.2929118573665619,"y":0.016879670321941377,"z":-0.005227781366556883,"w":0.9560033082962036},"size":0.01558846328407526,"orthographic":false}