{"cameraMode":{"drawMode":0,"name":"Shaded","section":"Shading Mode"},"sceneLighting":false,"audioPlay":false,"sceneViewState":{"showFog":true,"showMaterialUpdate":false,"showSkybox":false,"showFlares":true,"showImageEffects":true,"showParticleSystems":true},"in2DMode":false,"pivot":{"x":-0.035883307456970218,"y":0.22962187230587007,"z":0.018777742981910707},"rotation":{"x":-0.01443694718182087,"y":0.9059909582138062,"z":-0.4219917058944702,"w":-0.031003516167402269},"size":0.6284505724906921,"orthographic":false}