{"cameraMode":{"drawMode":0,"name":"Shaded","section":"Shading Mode"},"sceneLighting":false,"audioPlay":false,"sceneViewState":{"showFog":true,"showMaterialUpdate":false,"showSkybox":false,"showFlares":true,"showImageEffects":true,"showParticleSystems":true},"in2DMode":false,"pivot":{"x":0.000011682510375976563,"y":-0.000006258487701416016,"z":-0.00005906820297241211},"rotation":{"x":-0.0013340370496734977,"y":0.8693817257881165,"z":-0.49419981241226199,"w":-0.0023545168805867435},"size":3.260375499725342,"orthographic":false}