{"cameraMode":{"drawMode":0,"name":"Shaded","section":"Shading Mode"},"sceneLighting":false,"audioPlay":false,"sceneViewState":{"showFog":true,"showMaterialUpdate":false,"showSkybox":false,"showFlares":true,"showImageEffects":true,"showParticleSystems":true},"in2DMode":false,"pivot":{"x":0.0,"y":0.11062150448560715,"z":2.905726432800293e-7},"rotation":{"x":-0.01443694718182087,"y":0.9059909582138062,"z":-0.4219917058944702,"w":-0.031003516167402269},"size":0.25718167424201968,"orthographic":false}