{"cameraMode":{"drawMode":0,"name":"Shaded","section":"Shading Mode"},"sceneLighting":true,"audioPlay":false,"sceneViewState":{"showFog":true,"showMaterialUpdate":false,"showSkybox":true,"showFlares":true,"showImageEffects":true,"showParticleSystems":true},"in2DMode":false,"pivot":{"x":-8.210115432739258,"y":-21.54806900024414,"z":-34.651084899902347},"rotation":{"x":-0.0003790428163483739,"y":0.9959182739257813,"z":-0.09018652886152268,"w":-0.004182394128292799},"size":12.797554016113282,"orthographic":false}